Patente,score
--250--,0.897783578004103
OB352WI,0.31290837793936477
--352--,0.31128832673023554
