Patente,score
AG250PC,0.897783578004103
OB352WI,0.31290837793936477
AB352YM,0.31128832673023554
